<script>
    <ConditionScript>remove-onedrive_check.ps1</ConditionScript>
    <Script>remove-onedrive.ps1</Script>
    <DisplayName>Microsoft OneDrive</DisplayName>
    <Publisher>Microsoft Corporation</Publisher>
    <RatingId>OneDriveSetup.exe</RatingId>
    <AboutUrl>https://onedrive.live.com/</AboutUrl>
    <InstallLocation>Registry::HKEY_CURRENT_USER\SOFTWARE\Microsoft\OneDrive\CurrentVersionPath</InstallLocation>
    <DisplayVersion>Registry::HKEY_CURRENT_USER\SOFTWARE\Microsoft\OneDrive\Version</DisplayVersion>
    <DisplayIcon>Registry::HKEY_CURRENT_USER\SOFTWARE\Microsoft\OneDrive\OneDriveTrigger</DisplayIcon>
</script>